risk_registry_id,country_code_iso3,country_name,source_framework,framework_body_full_name,classification_type,classification_severity,sanctions_programme_name,effective_date,expiration_date,is_currently_active,applies_to_country,basel_aml_index_score,basel_aml_index_year,source_reference_url,source_document_date,created_at,updated_at
6929e20f-3877-42cb-be11-f23b97e6dc91,ALB,Albania,BASEL,Basel Committee on Banking Supervision,,0,,2024-01-01,,True,ALL,4.36,2024,https://index.baselgovernance.org/ranking,2024-01-01,2026-03-05T10:27:37Z,2026-03-05T10:27:37Z
08acb1da-8411-4287-8bf1-a2788f3ffb14,DZA,Algeria,"FATF,BASEL",Financial Action Task Force; Basel Committee on Banking Supervision,jurisd_under_increased_monitoring,1,,2024-01-01,,True,ALL,6.82,2024,https://www.fatf-gafi.org/en/countries/detail/Algeria.html | https://index.baselgovernance.org/ranking,2024-01-01,2026-03-05T10:27:37Z,2026-03-05T10:27:37Z
f5bb549c-a085-4518-996f-50dff2d4203a,AND,Andorra,BASEL,Basel Committee on Banking Supervision,,0,,2024-01-01,,True,ALL,3.48,2024,https://index.baselgovernance.org/ranking,2024-01-01,2026-03-05T10:27:37Z,2026-03-05T10:27:37Z
c2b488ee-9b35-4911-ba6e-42a0e0a74261,AGO,Angola,"FATF,BASEL",Financial Action Task Force; Basel Committee on Banking Supervision,jurisd_under_increased_monitoring,1,,2024-01-01,,True,ALL,6.55,2024,https://www.fatf-gafi.org/en/countries/detail/Angola.html | https://index.baselgovernance.org/ranking,2024-01-01,2026-03-05T10:27:37Z,2026-03-05T10:27:37Z
da0d9fb2-0fc6-4317-9d2b-0b020bfb8ac2,ATG,Antigua and Barbuda,BASEL,Basel Committee on Banking Supervision,,0,,2024-01-01,,True,ALL,3.98,2024,https://index.baselgovernance.org/ranking,2024-01-01,2026-03-05T10:27:37Z,2026-03-05T10:27:37Z
863efff7-b50f-43eb-aed6-b18a3dcf3789,ARG,Argentina,BASEL,Basel Committee on Banking Supervision,,0,,2024-01-01,,True,ALL,4.44,2024,https://index.baselgovernance.org/ranking,2024-01-01,2026-03-05T10:27:37Z,2026-03-05T10:27:37Z
d22ee809-2e53-43cb-8f63-73a4313a33e7,ARM,Armenia,BASEL,Basel Committee on Banking Supervision,,0,,2024-01-01,,True,ALL,3.98,2024,https://index.baselgovernance.org/ranking,2024-01-01,2026-03-05T10:27:37Z,2026-03-05T10:27:37Z
4785f4c2-f121-4817-af82-c5789fe72fa2,AUS,Australia,BASEL,Basel Committee on Banking Supervision,,0,,2024-01-01,,True,ALL,4.13,2024,https://index.baselgovernance.org/ranking,2024-01-01,2026-03-05T10:27:37Z,2026-03-05T10:27:37Z
4ffa43dd-b47e-4a7e-8757-45bc98a6a50b,AUT,Austria,BASEL,Basel Committee on Banking Supervision,,0,,2024-01-01,,True,ALL,4.28,2024,https://index.baselgovernance.org/ranking,2024-01-01,2026-03-05T10:27:37Z,2026-03-05T10:27:37Z
5dff228a-34ca-49f0-aac4-db07b0883d45,AZE,Azerbaijan,BASEL,Basel Committee on Banking Supervision,,0,,2024-01-01,,True,ALL,5.46,2024,https://index.baselgovernance.org/ranking,2024-01-01,2026-03-05T10:27:37Z,2026-03-05T10:27:37Z
2d367861-ecf0-4acd-8459-a8323e646233,BHS,Bahamas,BASEL,Basel Committee on Banking Supervision,,0,,2024-01-01,,True,ALL,5.08,2024,https://index.baselgovernance.org/ranking,2024-01-01,2026-03-05T10:27:37Z,2026-03-05T10:27:37Z
ba67f903-da05-470e-9d06-d3e617c76671,BHR,Bahrain,BASEL,Basel Committee on Banking Supervision,,0,,2024-01-01,,True,ALL,5.16,2024,https://index.baselgovernance.org/ranking,2024-01-01,2026-03-05T10:27:37Z,2026-03-05T10:27:37Z
767ca087-613e-4f6d-bc81-1ce9282cbc83,BGD,Bangladesh,BASEL,Basel Committee on Banking Supervision,,0,,2024-01-01,,True,ALL,5.62,2024,https://index.baselgovernance.org/ranking,2024-01-01,2026-03-05T10:27:37Z,2026-03-05T10:27:37Z
d188d955-7db0-4938-ba49-1d063df108d8,BRB,Barbados,BASEL,Basel Committee on Banking Supervision,,0,,2024-01-01,,True,ALL,4.91,2024,https://index.baselgovernance.org/ranking,2024-01-01,2026-03-05T10:27:37Z,2026-03-05T10:27:37Z
716a1daf-ad7b-451c-94ca-1a596386a7a5,BLR,Belarus,BASEL,Basel Committee on Banking Supervision,,0,,2024-01-01,,True,ALL,5.7,2024,https://index.baselgovernance.org/ranking,2024-01-01,2026-03-05T10:27:37Z,2026-03-05T10:27:37Z
8096bfd5-ae73-4128-ac4c-a8b549b95f14,BEL,Belgium,BASEL,Basel Committee on Banking Supervision,,0,,2024-01-01,,True,ALL,4.46,2024,https://index.baselgovernance.org/ranking,2024-01-01,2026-03-05T10:27:37Z,2026-03-05T10:27:37Z
e9e4efc4-7e46-4b91-a570-1e1678a57a35,BLZ,Belize,BASEL,Basel Committee on Banking Supervision,,0,,2024-01-01,,True,ALL,4.06,2024,https://index.baselgovernance.org/ranking,2024-01-01,2026-03-05T10:27:37Z,2026-03-05T10:27:37Z
149dcb56-b3af-4469-82ee-1beb13310a33,BEN,Benin,BASEL,Basel Committee on Banking Supervision,,0,,2024-01-01,,True,ALL,6.33,2024,https://index.baselgovernance.org/ranking,2024-01-01,2026-03-05T10:27:37Z,2026-03-05T10:27:37Z
387f1d34-10ef-4b2b-9460-78162bc9cd62,BTN,Bhutan,BASEL,Basel Committee on Banking Supervision,,0,,2024-01-01,,True,ALL,5.49,2024,https://index.baselgovernance.org/ranking,2024-01-01,2026-03-05T10:27:37Z,2026-03-05T10:27:37Z
4802fb0d-17f2-4cee-bc98-ca08b5158ec7,BOL,Bolivia,"FATF,BASEL",Financial Action Task Force; Basel Committee on Banking Supervision,jurisd_under_increased_monitoring,1,,2024-01-01,,True,ALL,5.58,2024,https://www.fatf-gafi.org/en/countries/detail/Bolivia.html | https://index.baselgovernance.org/ranking,2024-01-01,2026-03-05T10:27:37Z,2026-03-05T10:27:37Z
31b22b75-859a-43af-9eb2-30fef6482ed9,BIH,Bosnia and Herzegovina,BASEL,Basel Committee on Banking Supervision,,0,,2024-01-01,,True,ALL,5.54,2024,https://index.baselgovernance.org/ranking,2024-01-01,2026-03-05T10:27:37Z,2026-03-05T10:27:37Z
d2848be1-0758-46f6-8ad8-6a0cca0d4d76,BWA,Botswana,BASEL,Basel Committee on Banking Supervision,,0,,2024-01-01,,True,ALL,4.12,2024,https://index.baselgovernance.org/ranking,2024-01-01,2026-03-05T10:27:37Z,2026-03-05T10:27:37Z
d406256b-13d8-44ba-b231-87a1fca14d29,BRA,Brazil,BASEL,Basel Committee on Banking Supervision,,0,,2024-01-01,,True,ALL,5.4,2024,https://index.baselgovernance.org/ranking,2024-01-01,2026-03-05T10:27:37Z,2026-03-05T10:27:37Z
f9dbae1f-d125-4352-9735-875a65d9c204,BRN,Brunei Darussalam,BASEL,Basel Committee on Banking Supervision,,0,,2024-01-01,,True,ALL,4.22,2024,https://index.baselgovernance.org/ranking,2024-01-01,2026-03-05T10:27:37Z,2026-03-05T10:27:37Z
b639a5c8-91c2-4840-b05b-0f3e2fee45c3,BGR,Bulgaria,"FATF,BASEL",Financial Action Task Force; Basel Committee on Banking Supervision,jurisd_under_increased_monitoring,1,,2024-01-01,,True,ALL,5.0,2024,https://www.fatf-gafi.org/en/countries/detail/Bulgaria.html | https://index.baselgovernance.org/ranking,2024-01-01,2026-03-05T10:27:37Z,2026-03-05T10:27:37Z
79c29d84-1fd8-4804-ba35-8b8d076f9fad,BFA,Burkina Faso,BASEL,Basel Committee on Banking Supervision,,0,,2024-01-01,,True,ALL,5.75,2024,https://index.baselgovernance.org/ranking,2024-01-01,2026-03-05T10:27:37Z,2026-03-05T10:27:37Z
146bb3f3-e7e3-4f6e-b042-e230d9483bdf,KHM,Cambodia,BASEL,Basel Committee on Banking Supervision,,0,,2024-01-01,,True,ALL,6.72,2024,https://index.baselgovernance.org/ranking,2024-01-01,2026-03-05T10:27:37Z,2026-03-05T10:27:37Z
8edde2a3-28fa-4dd0-bf9e-25834835ebd3,CMR,Cameroon,"FATF,BASEL",Financial Action Task Force; Basel Committee on Banking Supervision,jurisd_under_increased_monitoring,1,,2024-01-01,,True,ALL,6.41,2024,https://www.fatf-gafi.org/en/countries/detail/Cameroon.html | https://index.baselgovernance.org/ranking,2024-01-01,2026-03-05T10:27:37Z,2026-03-05T10:27:37Z
f28df2b2-b838-4673-8571-c2ad4759442d,CAN,Canada,BASEL,Basel Committee on Banking Supervision,,0,,2024-01-01,,True,ALL,4.61,2024,https://index.baselgovernance.org/ranking,2024-01-01,2026-03-05T10:27:37Z,2026-03-05T10:27:37Z
4ba66798-4bd5-4ab6-bd80-51a936535bbb,CPV,Cape Verde,BASEL,Basel Committee on Banking Supervision,,0,,2024-01-01,,True,ALL,5.45,2024,https://index.baselgovernance.org/ranking,2024-01-01,2026-03-05T10:27:37Z,2026-03-05T10:27:37Z
a0d23179-f5dd-4ad2-8ae8-204067dc9a8a,CAF,Central African Republic,BASEL,Basel Committee on Banking Supervision,,0,,2024-01-01,,True,ALL,7.44,2024,https://index.baselgovernance.org/ranking,2024-01-01,2026-03-05T10:27:37Z,2026-03-05T10:27:37Z
a8543763-fce3-4ec0-8eb8-2ab0fd395d59,TCD,Chad,BASEL,Basel Committee on Banking Supervision,,0,,2024-01-01,,True,ALL,7.56,2024,https://index.baselgovernance.org/ranking,2024-01-01,2026-03-05T10:27:37Z,2026-03-05T10:27:37Z
7fbad82e-bbf7-4441-a656-ad24e8a6e850,CHL,Chile,BASEL,Basel Committee on Banking Supervision,,0,,2024-01-01,,True,ALL,4.28,2024,https://index.baselgovernance.org/ranking,2024-01-01,2026-03-05T10:27:37Z,2026-03-05T10:27:37Z
9c68cf37-51b0-4bbb-91e5-60c72568ae2c,CHN,China,BASEL,Basel Committee on Banking Supervision,,0,,2024-01-01,,True,ALL,7.26,2024,https://index.baselgovernance.org/ranking,2024-01-01,2026-03-05T10:27:37Z,2026-03-05T10:27:37Z
b09539cd-886e-43fa-a458-33bb85b6e47e,COL,Colombia,BASEL,Basel Committee on Banking Supervision,,0,,2024-01-01,,True,ALL,5.05,2024,https://index.baselgovernance.org/ranking,2024-01-01,2026-03-05T10:27:37Z,2026-03-05T10:27:37Z
b3dfba38-24bd-4f70-b635-813e65843eef,COM,Comoros,BASEL,Basel Committee on Banking Supervision,,0,,2024-01-01,,True,ALL,6.67,2024,https://index.baselgovernance.org/ranking,2024-01-01,2026-03-05T10:27:37Z,2026-03-05T10:27:37Z
205c91ef-c65e-4153-b865-c1d6a610af58,CRI,Costa Rica,BASEL,Basel Committee on Banking Supervision,,0,,2024-01-01,,True,ALL,4.97,2024,https://index.baselgovernance.org/ranking,2024-01-01,2026-03-05T10:27:37Z,2026-03-05T10:27:37Z
ef9d2b6b-028d-414a-a698-444e8230483b,HRV,Croatia,BASEL,Basel Committee on Banking Supervision,,0,,2024-01-01,,True,ALL,4.18,2024,https://index.baselgovernance.org/ranking,2024-01-01,2026-03-05T10:27:37Z,2026-03-05T10:27:37Z
2d288f96-5fcb-4c44-9161-f91864aeefd8,CUB,Cuba,BASEL,Basel Committee on Banking Supervision,,0,,2024-01-01,,True,ALL,5.16,2024,https://index.baselgovernance.org/ranking,2024-01-01,2026-03-05T10:27:37Z,2026-03-05T10:27:37Z
f547c669-e87f-489e-ac69-7f1f9efa5795,CYP,Cyprus,BASEL,Basel Committee on Banking Supervision,,0,,2024-01-01,,True,ALL,4.77,2024,https://index.baselgovernance.org/ranking,2024-01-01,2026-03-05T10:27:37Z,2026-03-05T10:27:37Z
dc7af2ff-0e40-451d-8425-40c379d9c223,CZE,Czech Republic,BASEL,Basel Committee on Banking Supervision,,0,,2024-01-01,,True,ALL,3.82,2024,https://index.baselgovernance.org/ranking,2024-01-01,2026-03-05T10:27:37Z,2026-03-05T10:27:37Z
1dd3f89a-29a1-46a8-b801-dab11a90fba4,CIV,Côte d'Ivoire,"FATF,BASEL",Financial Action Task Force; Basel Committee on Banking Supervision,jurisd_under_increased_monitoring,1,,2024-01-01,,True,ALL,6.05,2024,https://www.fatf-gafi.org/en/countries/detail/C-te-d-Ivoire.html | https://index.baselgovernance.org/ranking,2024-01-01,2026-03-05T10:27:37Z,2026-03-05T10:27:37Z
d09d0a86-1f65-47ab-b0de-f080a5ff3735,PRK,Democratic People's Republic of Korea,FATF,Financial Action Task Force,high_risk,2,,2025-02-01,,True,ALL,,,https://www.fatf-gafi.org/en/countries/detail/DPRK.html,2025-02-01,2026-03-05T10:27:37Z,2026-03-05T10:27:37Z
a6334d14-b7b2-4fb3-99d3-88f3fe139e3d,COD,Democratic Republic of Congo,FATF,Financial Action Task Force,jurisd_under_increased_monitoring,1,,2025-02-01,,True,ALL,,,https://www.fatf-gafi.org/en/countries/detail/Democratic-Republic-of-Congo.html,2025-02-01,2026-03-05T10:27:37Z,2026-03-05T10:27:37Z
2f93f256-3b9c-44e4-b9e7-08c3e83117c1,COD,Democratic Republic of the Congo,BASEL,Basel Committee on Banking Supervision,,0,,2024-01-01,,True,ALL,7.63,2024,https://index.baselgovernance.org/ranking,2024-01-01,2026-03-05T10:27:37Z,2026-03-05T10:27:37Z
e236c1d0-9977-4349-865c-86bdedc1b278,DNK,Denmark,BASEL,Basel Committee on Banking Supervision,,0,,2024-01-01,,True,ALL,3.18,2024,https://index.baselgovernance.org/ranking,2024-01-01,2026-03-05T10:27:37Z,2026-03-05T10:27:37Z
a23fe89b-4b65-412c-8811-7d90332ea077,DJI,Djibouti,BASEL,Basel Committee on Banking Supervision,,0,,2024-01-01,,True,ALL,6.93,2024,https://index.baselgovernance.org/ranking,2024-01-01,2026-03-05T10:27:37Z,2026-03-05T10:27:37Z
02844202-3652-43ee-882b-4f91ce3c1a0a,DMA,Dominica,BASEL,Basel Committee on Banking Supervision,,0,,2024-01-01,,True,ALL,4.17,2024,https://index.baselgovernance.org/ranking,2024-01-01,2026-03-05T10:27:37Z,2026-03-05T10:27:37Z
a85fb1ec-83a6-47c5-a7d1-007c070a2119,DOM,Dominican Republic,BASEL,Basel Committee on Banking Supervision,,0,,2024-01-01,,True,ALL,5.08,2024,https://index.baselgovernance.org/ranking,2024-01-01,2026-03-05T10:27:37Z,2026-03-05T10:27:37Z
8b9f9e33-2cc8-4676-bc90-af7e37481040,ECU,Ecuador,BASEL,Basel Committee on Banking Supervision,,0,,2024-01-01,,True,ALL,4.91,2024,https://index.baselgovernance.org/ranking,2024-01-01,2026-03-05T10:27:37Z,2026-03-05T10:27:37Z
b7c86631-c4ac-4ba3-a802-0fa3da430542,EGY,Egypt,BASEL,Basel Committee on Banking Supervision,,0,,2024-01-01,,True,ALL,5.22,2024,https://index.baselgovernance.org/ranking,2024-01-01,2026-03-05T10:27:37Z,2026-03-05T10:27:37Z
a6c98458-2492-4e63-bf80-bc59a2be978f,SLV,El Salvador,BASEL,Basel Committee on Banking Supervision,,0,,2024-01-01,,True,ALL,5.65,2024,https://index.baselgovernance.org/ranking,2024-01-01,2026-03-05T10:27:37Z,2026-03-05T10:27:37Z
be56555e-2a50-4a7a-a596-3bf21faa7a16,GNQ,Equatorial Guinea,BASEL,Basel Committee on Banking Supervision,,0,,2024-01-01,,True,ALL,7.55,2024,https://index.baselgovernance.org/ranking,2024-01-01,2026-03-05T10:27:37Z,2026-03-05T10:27:37Z
39535dae-34d8-474f-85f0-4225fcde0f67,EST,Estonia,BASEL,Basel Committee on Banking Supervision,,0,,2024-01-01,,True,ALL,3.25,2024,https://index.baselgovernance.org/ranking,2024-01-01,2026-03-05T10:27:37Z,2026-03-05T10:27:37Z
49de49b6-7760-4140-bbac-b30caa71c444,SWZ,Eswatini,BASEL,Basel Committee on Banking Supervision,,0,,2024-01-01,,True,ALL,6.51,2024,https://index.baselgovernance.org/ranking,2024-01-01,2026-03-05T10:27:37Z,2026-03-05T10:27:37Z
2e11ab50-ad8d-4f9c-8152-7390d67709ea,ETH,Ethiopia,BASEL,Basel Committee on Banking Supervision,,0,,2024-01-01,,True,ALL,5.68,2024,https://index.baselgovernance.org/ranking,2024-01-01,2026-03-05T10:27:37Z,2026-03-05T10:27:37Z
76b0d3d6-e9ca-4ef5-8792-5dbd5740632a,FJI,Fiji,BASEL,Basel Committee on Banking Supervision,,0,,2024-01-01,,True,ALL,4.73,2024,https://index.baselgovernance.org/ranking,2024-01-01,2026-03-05T10:27:37Z,2026-03-05T10:27:37Z
279a14bd-1b4a-4dd0-ad76-ead779280f51,FIN,Finland,BASEL,Basel Committee on Banking Supervision,,0,,2024-01-01,,True,ALL,3.03,2024,https://index.baselgovernance.org/ranking,2024-01-01,2026-03-05T10:27:37Z,2026-03-05T10:27:37Z
348f0c7b-fb19-41d6-abea-5deb503d0e95,FRA,France,BASEL,Basel Committee on Banking Supervision,,0,,2024-01-01,,True,ALL,3.99,2024,https://index.baselgovernance.org/ranking,2024-01-01,2026-03-05T10:27:37Z,2026-03-05T10:27:37Z
1c734d9f-2cf7-4e3d-b406-8c4bb4bae649,GAB,Gabon,BASEL,Basel Committee on Banking Supervision,,0,,2024-01-01,,True,ALL,7.46,2024,https://index.baselgovernance.org/ranking,2024-01-01,2026-03-05T10:27:37Z,2026-03-05T10:27:37Z
711390e3-1c27-4cfa-8fa6-86c3e0c46c3a,GMB,Gambia,BASEL,Basel Committee on Banking Supervision,,0,,2024-01-01,,True,ALL,5.76,2024,https://index.baselgovernance.org/ranking,2024-01-01,2026-03-05T10:27:37Z,2026-03-05T10:27:37Z
d65ccffc-788b-4aef-a2ea-64c879823eed,GEO,Georgia,BASEL,Basel Committee on Banking Supervision,,0,,2024-01-01,,True,ALL,4.32,2024,https://index.baselgovernance.org/ranking,2024-01-01,2026-03-05T10:27:37Z,2026-03-05T10:27:37Z
22b215b8-cfda-4bd2-9f33-fbfe89b7117c,DEU,Germany,BASEL,Basel Committee on Banking Supervision,,0,,2024-01-01,,True,ALL,4.97,2024,https://index.baselgovernance.org/ranking,2024-01-01,2026-03-05T10:27:37Z,2026-03-05T10:27:37Z
b31ba794-9664-4382-931f-091685aba9ff,GHA,Ghana,BASEL,Basel Committee on Banking Supervision,,0,,2024-01-01,,True,ALL,5.13,2024,https://index.baselgovernance.org/ranking,2024-01-01,2026-03-05T10:27:37Z,2026-03-05T10:27:37Z
091637d0-78b2-48a4-8489-6d743692bd55,GRC,Greece,BASEL,Basel Committee on Banking Supervision,,0,,2024-01-01,,True,ALL,3.99,2024,https://index.baselgovernance.org/ranking,2024-01-01,2026-03-05T10:27:37Z,2026-03-05T10:27:37Z
b491598d-c43f-4bc1-a207-efca88da7152,GRD,Grenada,BASEL,Basel Committee on Banking Supervision,,0,,2024-01-01,,True,ALL,4.85,2024,https://index.baselgovernance.org/ranking,2024-01-01,2026-03-05T10:27:37Z,2026-03-05T10:27:37Z
ad02567a-8a85-49c7-a3fc-c41c230ab1cc,GTM,Guatemala,BASEL,Basel Committee on Banking Supervision,,0,,2024-01-01,,True,ALL,5.44,2024,https://index.baselgovernance.org/ranking,2024-01-01,2026-03-05T10:27:37Z,2026-03-05T10:27:37Z
bfb380b2-5921-4a0c-b465-52020861da3c,GIN,Guinea,BASEL,Basel Committee on Banking Supervision,,0,,2024-01-01,,True,ALL,6.43,2024,https://index.baselgovernance.org/ranking,2024-01-01,2026-03-05T10:27:37Z,2026-03-05T10:27:37Z
978ad720-00b1-4aaf-ae6e-44131efbdb7d,GNB,Guinea-Bissau,BASEL,Basel Committee on Banking Supervision,,0,,2024-01-01,,True,ALL,7.3,2024,https://index.baselgovernance.org/ranking,2024-01-01,2026-03-05T10:27:37Z,2026-03-05T10:27:37Z
6c96b4c5-5fbd-49f1-8e08-728bcb86957e,GUY,Guyana,BASEL,Basel Committee on Banking Supervision,,0,,2024-01-01,,True,ALL,5.16,2024,https://index.baselgovernance.org/ranking,2024-01-01,2026-03-05T10:27:37Z,2026-03-05T10:27:37Z
7f173906-8fe2-4d80-af2c-a73cca4788af,HTI,Haiti,"FATF,BASEL",Financial Action Task Force; Basel Committee on Banking Supervision,jurisd_under_increased_monitoring,1,,2024-01-01,,True,ALL,8.12,2024,https://www.fatf-gafi.org/en/countries/detail/Haiti.html | https://index.baselgovernance.org/ranking,2024-01-01,2026-03-05T10:27:37Z,2026-03-05T10:27:37Z
d1f39f24-5e40-4322-9f04-10b2ce8e998b,HND,Honduras,BASEL,Basel Committee on Banking Supervision,,0,,2024-01-01,,True,ALL,5.66,2024,https://index.baselgovernance.org/ranking,2024-01-01,2026-03-05T10:27:37Z,2026-03-05T10:27:37Z
0f12617d-d32c-4159-b90e-a35bb7411e43,HKG,"Hong Kong, SAR, China",BASEL,Basel Committee on Banking Supervision,,0,,2024-01-01,,True,ALL,5.37,2024,https://index.baselgovernance.org/ranking,2024-01-01,2026-03-05T10:27:37Z,2026-03-05T10:27:37Z
0d024381-05a2-423f-a250-5452fe75bd2d,HUN,Hungary,BASEL,Basel Committee on Banking Supervision,,0,,2024-01-01,,True,ALL,5.16,2024,https://index.baselgovernance.org/ranking,2024-01-01,2026-03-05T10:27:37Z,2026-03-05T10:27:37Z
7fa9a311-5f7d-4649-807f-4b346a1a029b,ISL,Iceland,BASEL,Basel Committee on Banking Supervision,,0,,2024-01-01,,True,ALL,3.04,2024,https://index.baselgovernance.org/ranking,2024-01-01,2026-03-05T10:27:37Z,2026-03-05T10:27:37Z
26cd0ae0-1205-414b-9113-921b84c9f438,IND,India,BASEL,Basel Committee on Banking Supervision,,0,,2024-01-01,,True,ALL,5.66,2024,https://index.baselgovernance.org/ranking,2024-01-01,2026-03-05T10:27:37Z,2026-03-05T10:27:37Z
523323f8-652e-4c66-8bf4-32295a5fc3da,IDN,Indonesia,BASEL,Basel Committee on Banking Supervision,,0,,2024-01-01,,True,ALL,5.52,2024,https://index.baselgovernance.org/ranking,2024-01-01,2026-03-05T10:27:37Z,2026-03-05T10:27:37Z
6e4d4a4d-334c-42a5-9cc3-d3114475e080,IRN,Iran,FATF,Financial Action Task Force,high_risk,2,,2025-02-01,,True,ALL,,,https://www.fatf-gafi.org/en/countries/detail/iran.html,2025-02-01,2026-03-05T10:27:37Z,2026-03-05T10:27:37Z
8e91817f-4ca6-4859-96d4-242a1ef05d91,IRQ,Iraq,BASEL,Basel Committee on Banking Supervision,,0,,2024-01-01,,True,ALL,5.9,2024,https://index.baselgovernance.org/ranking,2024-01-01,2026-03-05T10:27:37Z,2026-03-05T10:27:37Z
ac975751-11c4-4a34-b677-0bba1ad088a1,IRL,Ireland,BASEL,Basel Committee on Banking Supervision,,0,,2024-01-01,,True,ALL,4.4,2024,https://index.baselgovernance.org/ranking,2024-01-01,2026-03-05T10:27:37Z,2026-03-05T10:27:37Z
881a965e-e238-49d5-ae05-2958ec4a9674,ISR,Israel,BASEL,Basel Committee on Banking Supervision,,0,,2024-01-01,,True,ALL,4.06,2024,https://index.baselgovernance.org/ranking,2024-01-01,2026-03-05T10:27:37Z,2026-03-05T10:27:37Z
f7ee33fc-1440-4f27-b01c-628080b19b76,ITA,Italy,BASEL,Basel Committee on Banking Supervision,,0,,2024-01-01,,True,ALL,4.76,2024,https://index.baselgovernance.org/ranking,2024-01-01,2026-03-05T10:27:37Z,2026-03-05T10:27:37Z
83463c58-57ee-4e93-b9b7-d8bb68d428ce,JAM,Jamaica,BASEL,Basel Committee on Banking Supervision,,0,,2024-01-01,,True,ALL,4.78,2024,https://index.baselgovernance.org/ranking,2024-01-01,2026-03-05T10:27:37Z,2026-03-05T10:27:37Z
fa4bc236-23a8-4086-bf3c-30f1bc0a4745,JPN,Japan,BASEL,Basel Committee on Banking Supervision,,0,,2024-01-01,,True,ALL,4.73,2024,https://index.baselgovernance.org/ranking,2024-01-01,2026-03-05T10:27:37Z,2026-03-05T10:27:37Z
90a06e99-cddb-4ffc-b5dd-3c214e89bff8,JOR,Jordan,BASEL,Basel Committee on Banking Supervision,,0,,2024-01-01,,True,ALL,4.85,2024,https://index.baselgovernance.org/ranking,2024-01-01,2026-03-05T10:27:37Z,2026-03-05T10:27:37Z
668891c8-5c82-453b-8531-03da13b262d3,KAZ,Kazakhstan,BASEL,Basel Committee on Banking Supervision,,0,,2024-01-01,,True,ALL,5.18,2024,https://index.baselgovernance.org/ranking,2024-01-01,2026-03-05T10:27:37Z,2026-03-05T10:27:37Z
26e1a1db-ed4b-4749-ad51-c5aa35212c07,KEN,Kenya,"FATF,BASEL",Financial Action Task Force; Basel Committee on Banking Supervision,jurisd_under_increased_monitoring,1,,2024-01-01,,True,ALL,6.6,2024,https://www.fatf-gafi.org/en/countries/detail/Kenya.html | https://index.baselgovernance.org/ranking,2024-01-01,2026-03-05T10:27:37Z,2026-03-05T10:27:37Z
3383b3c2-8275-449b-bd26-118f45084e80,KOR,"Korea, South",BASEL,Basel Committee on Banking Supervision,,0,,2024-01-01,,True,ALL,4.51,2024,https://index.baselgovernance.org/ranking,2024-01-01,2026-03-05T10:27:37Z,2026-03-05T10:27:37Z
75c91a7e-cc34-4483-b3a1-8b0020e81efb,KWT,Kuwait,"FATF,BASEL",Financial Action Task Force; Basel Committee on Banking Supervision,jurisd_under_increased_monitoring,1,,2024-01-01,,True,ALL,6.13,2024,https://www.fatf-gafi.org/en/countries/detail/Kuwait.html | https://index.baselgovernance.org/ranking,2024-01-01,2026-03-05T10:27:37Z,2026-03-05T10:27:37Z
4c2205dd-211f-4d48-8997-5ae908974ad9,KGZ,Kyrgyzstan,BASEL,Basel Committee on Banking Supervision,,0,,2024-01-01,,True,ALL,5.96,2024,https://index.baselgovernance.org/ranking,2024-01-01,2026-03-05T10:27:37Z,2026-03-05T10:27:37Z
fe52ee1b-7c3e-4189-9140-278ca304e683,LAO,Lao PDR,BASEL,Basel Committee on Banking Supervision,,0,,2024-01-01,,True,ALL,7.5,2024,https://index.baselgovernance.org/ranking,2024-01-01,2026-03-05T10:27:37Z,2026-03-05T10:27:37Z
3aa0e71e-00e1-47f8-828f-42c8be430a6e,LAO,Lao People's Democratic Republic,FATF,Financial Action Task Force,jurisd_under_increased_monitoring,1,,2025-02-01,,True,ALL,,,https://www.fatf-gafi.org/en/countries/detail/Lao-People-s-Democratic-Republic.html,2025-02-01,2026-03-05T10:27:37Z,2026-03-05T10:27:37Z
964338b9-b2af-4fee-9a9b-4b24e24ed59c,LVA,Latvia,BASEL,Basel Committee on Banking Supervision,,0,,2024-01-01,,True,ALL,4.01,2024,https://index.baselgovernance.org/ranking,2024-01-01,2026-03-05T10:27:37Z,2026-03-05T10:27:37Z
2d311acb-ad1b-4615-a7a8-dfc536232d87,LBN,Lebanon,"FATF,BASEL",Financial Action Task Force; Basel Committee on Banking Supervision,jurisd_under_increased_monitoring,1,,2024-01-01,,True,ALL,5.93,2024,https://www.fatf-gafi.org/en/countries/detail/Lebanon.html | https://index.baselgovernance.org/ranking,2024-01-01,2026-03-05T10:27:37Z,2026-03-05T10:27:37Z
06c37f3d-1c97-4748-a56d-71f2a7d3f62f,LSO,Lesotho,BASEL,Basel Committee on Banking Supervision,,0,,2024-01-01,,True,ALL,6.04,2024,https://index.baselgovernance.org/ranking,2024-01-01,2026-03-05T10:27:37Z,2026-03-05T10:27:37Z
fa13f198-9d27-4dba-95a8-7bdbf4e21166,LBR,Liberia,BASEL,Basel Committee on Banking Supervision,,0,,2024-01-01,,True,ALL,6.26,2024,https://index.baselgovernance.org/ranking,2024-01-01,2026-03-05T10:27:37Z,2026-03-05T10:27:37Z
b78f74f5-b34a-473a-bb58-a4908400f930,LIE,Liechtenstein,BASEL,Basel Committee on Banking Supervision,,0,,2024-01-01,,True,ALL,4.11,2024,https://index.baselgovernance.org/ranking,2024-01-01,2026-03-05T10:27:37Z,2026-03-05T10:27:37Z
67a39c41-cc3b-405d-9aaa-3e9aa5c22d43,LTU,Lithuania,BASEL,Basel Committee on Banking Supervision,,0,,2024-01-01,,True,ALL,4.03,2024,https://index.baselgovernance.org/ranking,2024-01-01,2026-03-05T10:27:37Z,2026-03-05T10:27:37Z
c285cef6-b6a5-4b6d-a711-0081c3a3954d,LUX,Luxembourg,BASEL,Basel Committee on Banking Supervision,,0,,2024-01-01,,True,ALL,3.97,2024,https://index.baselgovernance.org/ranking,2024-01-01,2026-03-05T10:27:37Z,2026-03-05T10:27:37Z
7a0cb8ee-93c7-44de-85fc-8f217f8b5831,MDG,Madagascar,BASEL,Basel Committee on Banking Supervision,,0,,2024-01-01,,True,ALL,6.77,2024,https://index.baselgovernance.org/ranking,2024-01-01,2026-03-05T10:27:37Z,2026-03-05T10:27:37Z
21637488-09f8-4098-8df3-cb9d8029ab43,MWI,Malawi,BASEL,Basel Committee on Banking Supervision,,0,,2024-01-01,,True,ALL,5.44,2024,https://index.baselgovernance.org/ranking,2024-01-01,2026-03-05T10:27:37Z,2026-03-05T10:27:37Z
082c8fe3-c32e-4e32-bbb9-8c395f24f8c8,MYS,Malaysia,BASEL,Basel Committee on Banking Supervision,,0,,2024-01-01,,True,ALL,5.6,2024,https://index.baselgovernance.org/ranking,2024-01-01,2026-03-05T10:27:37Z,2026-03-05T10:27:37Z
e96cc784-151e-4c6c-98a2-a66b79b5adb4,MLI,Mali,BASEL,Basel Committee on Banking Supervision,,0,,2024-01-01,,True,ALL,6.22,2024,https://index.baselgovernance.org/ranking,2024-01-01,2026-03-05T10:27:37Z,2026-03-05T10:27:37Z
1e5d8f0c-f3f6-49bf-b21b-04e86b24fc28,MLT,Malta,BASEL,Basel Committee on Banking Supervision,,0,,2024-01-01,,True,ALL,5.15,2024,https://index.baselgovernance.org/ranking,2024-01-01,2026-03-05T10:27:37Z,2026-03-05T10:27:37Z
e4424ae8-279d-4921-9d91-2e8fb76285d5,MHL,Marshall Islands,BASEL,Basel Committee on Banking Supervision,,0,,2024-01-01,,True,ALL,4.89,2024,https://index.baselgovernance.org/ranking,2024-01-01,2026-03-05T10:27:37Z,2026-03-05T10:27:37Z
6adae10e-baf6-4c9f-87e8-ed2e7a1f7d0e,MRT,Mauritania,BASEL,Basel Committee on Banking Supervision,,0,,2024-01-01,,True,ALL,6.29,2024,https://index.baselgovernance.org/ranking,2024-01-01,2026-03-05T10:27:37Z,2026-03-05T10:27:37Z
b4caed00-84e3-4776-9371-cbbf9e851498,MUS,Mauritius,BASEL,Basel Committee on Banking Supervision,,0,,2024-01-01,,True,ALL,4.65,2024,https://index.baselgovernance.org/ranking,2024-01-01,2026-03-05T10:27:37Z,2026-03-05T10:27:37Z
89f1a9a4-bc67-4746-afa7-2e55dea0cbd1,MEX,Mexico,BASEL,Basel Committee on Banking Supervision,,0,,2024-01-01,,True,ALL,5.52,2024,https://index.baselgovernance.org/ranking,2024-01-01,2026-03-05T10:27:37Z,2026-03-05T10:27:37Z
7807bf05-66b7-43f8-8228-601a1a922dd0,MDA,Moldova,BASEL,Basel Committee on Banking Supervision,,0,,2024-01-01,,True,ALL,4.64,2024,https://index.baselgovernance.org/ranking,2024-01-01,2026-03-05T10:27:37Z,2026-03-05T10:27:37Z
1a3f8e33-92da-4543-9fd5-a50628c9e71a,MCO,Monaco,FATF,Financial Action Task Force,jurisd_under_increased_monitoring,1,,2025-02-01,,True,ALL,,,https://www.fatf-gafi.org/en/countries/detail/Monaco.html,2025-02-01,2026-03-05T10:27:37Z,2026-03-05T10:27:37Z
f8246331-45fc-4741-969a-528a028ad518,MNG,Mongolia,BASEL,Basel Committee on Banking Supervision,,0,,2024-01-01,,True,ALL,4.96,2024,https://index.baselgovernance.org/ranking,2024-01-01,2026-03-05T10:27:37Z,2026-03-05T10:27:37Z
36774015-ebaf-4d6c-b32a-1ede0665993a,MNE,Montenegro,BASEL,Basel Committee on Banking Supervision,,0,,2024-01-01,,True,ALL,4.33,2024,https://index.baselgovernance.org/ranking,2024-01-01,2026-03-05T10:27:37Z,2026-03-05T10:27:37Z
9fdecfa7-60c8-4446-8bf3-5574989dfd0e,MAR,Morocco,BASEL,Basel Committee on Banking Supervision,,0,,2024-01-01,,True,ALL,5.04,2024,https://index.baselgovernance.org/ranking,2024-01-01,2026-03-05T10:27:37Z,2026-03-05T10:27:37Z
a16f757c-4ded-40a3-ae70-2f327c7df9ed,MOZ,Mozambique,BASEL,Basel Committee on Banking Supervision,,0,,2024-01-01,,True,ALL,6.38,2024,https://index.baselgovernance.org/ranking,2024-01-01,2026-03-05T10:27:37Z,2026-03-05T10:27:37Z
238bea57-c9cd-4421-8e52-5180dd7adac5,MMR,Myanmar,"FATF,BASEL",Financial Action Task Force; Basel Committee on Banking Supervision,high_risk,2,,2024-01-01,,True,ALL,8.18,2024,https://www.fatf-gafi.org/en/countries/detail/Myanmar.html | https://index.baselgovernance.org/ranking,2024-01-01,2026-03-05T10:27:37Z,2026-03-05T10:27:37Z
f0ac45da-4b5a-4843-8297-c7c0273b1b7c,NAM,Namibia,"FATF,BASEL",Financial Action Task Force; Basel Committee on Banking Supervision,jurisd_under_increased_monitoring,1,,2024-01-01,,True,ALL,4.78,2024,https://www.fatf-gafi.org/en/countries/detail/Namibia.html | https://index.baselgovernance.org/ranking,2024-01-01,2026-03-05T10:27:37Z,2026-03-05T10:27:37Z
6d053a17-73f5-40aa-95ee-dc6b81fe3477,NRU,Nauru,BASEL,Basel Committee on Banking Supervision,,0,,2024-01-01,,True,ALL,3.88,2024,https://index.baselgovernance.org/ranking,2024-01-01,2026-03-05T10:27:37Z,2026-03-05T10:27:37Z
d0357734-7f10-435a-a06c-f2b935d456b9,NPL,Nepal,"FATF,BASEL",Financial Action Task Force; Basel Committee on Banking Supervision,jurisd_under_increased_monitoring,1,,2024-01-01,,True,ALL,5.88,2024,https://www.fatf-gafi.org/en/countries/detail/Nepal.html | https://index.baselgovernance.org/ranking,2024-01-01,2026-03-05T10:27:37Z,2026-03-05T10:27:37Z
15901841-1029-48e4-83b3-d8e0608e6870,NLD,Netherlands,BASEL,Basel Committee on Banking Supervision,,0,,2024-01-01,,True,ALL,4.53,2024,https://index.baselgovernance.org/ranking,2024-01-01,2026-03-05T10:27:37Z,2026-03-05T10:27:37Z
f475b1f2-dd9b-42f5-9d37-6d68aef65eae,NZL,New Zealand,BASEL,Basel Committee on Banking Supervision,,0,,2024-01-01,,True,ALL,3.76,2024,https://index.baselgovernance.org/ranking,2024-01-01,2026-03-05T10:27:37Z,2026-03-05T10:27:37Z
7b719f60-27c7-4ec5-a30d-fb6cb6d5fae0,NIC,Nicaragua,BASEL,Basel Committee on Banking Supervision,,0,,2024-01-01,,True,ALL,6.61,2024,https://index.baselgovernance.org/ranking,2024-01-01,2026-03-05T10:27:37Z,2026-03-05T10:27:37Z
15646471-5fff-4152-97b8-846c2e0a0e1a,NER,Niger,BASEL,Basel Committee on Banking Supervision,,0,,2024-01-01,,True,ALL,6.84,2024,https://index.baselgovernance.org/ranking,2024-01-01,2026-03-05T10:27:37Z,2026-03-05T10:27:37Z
2125db99-1378-406d-a628-ac8c3f14cf5b,NGA,Nigeria,BASEL,Basel Committee on Banking Supervision,,0,,2024-01-01,,True,ALL,6.18,2024,https://index.baselgovernance.org/ranking,2024-01-01,2026-03-05T10:27:37Z,2026-03-05T10:27:37Z
c58c6fc4-f2be-4acb-a733-a3d22dd2b909,MKD,North Macedonia,BASEL,Basel Committee on Banking Supervision,,0,,2024-01-01,,True,ALL,4.2,2024,https://index.baselgovernance.org/ranking,2024-01-01,2026-03-05T10:27:37Z,2026-03-05T10:27:37Z
4b92fd4d-c83f-4206-958b-22632d5a4783,NOR,Norway,BASEL,Basel Committee on Banking Supervision,,0,,2024-01-01,,True,ALL,3.73,2024,https://index.baselgovernance.org/ranking,2024-01-01,2026-03-05T10:27:37Z,2026-03-05T10:27:37Z
534739e9-2534-47e5-a9fa-abba23585fb3,OMN,Oman,BASEL,Basel Committee on Banking Supervision,,0,,2024-01-01,,True,ALL,4.25,2024,https://index.baselgovernance.org/ranking,2024-01-01,2026-03-05T10:27:37Z,2026-03-05T10:27:37Z
119b03ee-cb69-44c8-a0f3-3ad355b2dc25,PAK,Pakistan,BASEL,Basel Committee on Banking Supervision,,0,,2024-01-01,,True,ALL,5.63,2024,https://index.baselgovernance.org/ranking,2024-01-01,2026-03-05T10:27:37Z,2026-03-05T10:27:37Z
ec981580-8703-4fd2-a4d6-a73ec3b34c60,PAN,Panama,BASEL,Basel Committee on Banking Supervision,,0,,2024-01-01,,True,ALL,5.83,2024,https://index.baselgovernance.org/ranking,2024-01-01,2026-03-05T10:27:37Z,2026-03-05T10:27:37Z
d447bad7-ebda-49da-9ef2-5c0ff47472b0,PNG,Papua New Guinea,"FATF,BASEL",Financial Action Task Force; Basel Committee on Banking Supervision,jurisd_under_increased_monitoring,1,,2024-01-01,,True,ALL,6.61,2024,https://www.fatf-gafi.org/en/countries/detail/Papua-New-Guinea.html | https://index.baselgovernance.org/ranking,2024-01-01,2026-03-05T10:27:37Z,2026-03-05T10:27:37Z
825cb4c8-fddf-4ddf-b497-b43f2e5d4275,PRY,Paraguay,BASEL,Basel Committee on Banking Supervision,,0,,2024-01-01,,True,ALL,4.91,2024,https://index.baselgovernance.org/ranking,2024-01-01,2026-03-05T10:27:37Z,2026-03-05T10:27:37Z
dd1428a1-1973-4e5e-bd99-adb957f6f163,PER,Peru,BASEL,Basel Committee on Banking Supervision,,0,,2024-01-01,,True,ALL,4.88,2024,https://index.baselgovernance.org/ranking,2024-01-01,2026-03-05T10:27:37Z,2026-03-05T10:27:37Z
5c62c8e2-cd99-4e4e-b291-d4ce7804ce43,PHL,Philippines,BASEL,Basel Committee on Banking Supervision,,0,,2024-01-01,,True,ALL,5.48,2024,https://index.baselgovernance.org/ranking,2024-01-01,2026-03-05T10:27:37Z,2026-03-05T10:27:37Z
496d4bf6-2e9e-4d72-9c95-09268ce572e8,POL,Poland,BASEL,Basel Committee on Banking Supervision,,0,,2024-01-01,,True,ALL,4.49,2024,https://index.baselgovernance.org/ranking,2024-01-01,2026-03-05T10:27:37Z,2026-03-05T10:27:37Z
e6b9c5f0-4deb-4c42-9087-26a49c0f2ffe,PRT,Portugal,BASEL,Basel Committee on Banking Supervision,,0,,2024-01-01,,True,ALL,3.83,2024,https://index.baselgovernance.org/ranking,2024-01-01,2026-03-05T10:27:37Z,2026-03-05T10:27:37Z
e536d9ea-f3c3-47ad-a7dc-92a0bf713fda,QAT,Qatar,BASEL,Basel Committee on Banking Supervision,,0,,2024-01-01,,True,ALL,5.25,2024,https://index.baselgovernance.org/ranking,2024-01-01,2026-03-05T10:27:37Z,2026-03-05T10:27:37Z
6a591daf-8542-4855-8a18-13263583f941,COG,Republic of the Congo,BASEL,Basel Committee on Banking Supervision,,0,,2024-01-01,,True,ALL,7.27,2024,https://index.baselgovernance.org/ranking,2024-01-01,2026-03-05T10:27:37Z,2026-03-05T10:27:37Z
d9d0863b-580c-4022-82db-6fa4ad725203,ROU,Romania,BASEL,Basel Committee on Banking Supervision,,0,,2024-01-01,,True,ALL,4.81,2024,https://index.baselgovernance.org/ranking,2024-01-01,2026-03-05T10:27:37Z,2026-03-05T10:27:37Z
7df38160-1416-40b1-bbaa-f915345afe86,RWA,Rwanda,BASEL,Basel Committee on Banking Supervision,,0,,2024-01-01,,True,ALL,5.71,2024,https://index.baselgovernance.org/ranking,2024-01-01,2026-03-05T10:27:37Z,2026-03-05T10:27:37Z
49c33180-4bb7-4904-8b87-48d0aee6f889,KNA,Saint Kitts and Nevis,BASEL,Basel Committee on Banking Supervision,,0,,2024-01-01,,True,ALL,5.46,2024,https://index.baselgovernance.org/ranking,2024-01-01,2026-03-05T10:27:37Z,2026-03-05T10:27:37Z
3a52c182-4445-406e-801f-b401d79f1b43,LCA,Saint Lucia,BASEL,Basel Committee on Banking Supervision,,0,,2024-01-01,,True,ALL,4.58,2024,https://index.baselgovernance.org/ranking,2024-01-01,2026-03-05T10:27:37Z,2026-03-05T10:27:37Z
58409d25-c9fc-4235-9501-0f62df2e9bcb,VCT,Saint Vincent and the Grenadines,BASEL,Basel Committee on Banking Supervision,,0,,2024-01-01,,True,ALL,4.05,2024,https://index.baselgovernance.org/ranking,2024-01-01,2026-03-05T10:27:37Z,2026-03-05T10:27:37Z
58e30b16-c853-4852-80fc-0ad1dbd9a060,WSM,Samoa,BASEL,Basel Committee on Banking Supervision,,0,,2024-01-01,,True,ALL,4.56,2024,https://index.baselgovernance.org/ranking,2024-01-01,2026-03-05T10:27:37Z,2026-03-05T10:27:37Z
2cf3733b-3be6-404a-bcea-86523096eed7,SMR,San Marino,BASEL,Basel Committee on Banking Supervision,,0,,2024-01-01,,True,ALL,3.08,2024,https://index.baselgovernance.org/ranking,2024-01-01,2026-03-05T10:27:37Z,2026-03-05T10:27:37Z
4a190cfd-0697-4585-a5f4-c7ba8f8540c9,STP,Sao Tome and Principe,BASEL,Basel Committee on Banking Supervision,,0,,2024-01-01,,True,ALL,5.96,2024,https://index.baselgovernance.org/ranking,2024-01-01,2026-03-05T10:27:37Z,2026-03-05T10:27:37Z
ffd23c2c-4fc1-4f44-a9d6-22287cd5ac0c,SAU,Saudi Arabia,BASEL,Basel Committee on Banking Supervision,,0,,2024-01-01,,True,ALL,5.87,2024,https://index.baselgovernance.org/ranking,2024-01-01,2026-03-05T10:27:37Z,2026-03-05T10:27:37Z
60e065fb-ddb2-48e4-b1cf-0acb37f8d4d4,SEN,Senegal,BASEL,Basel Committee on Banking Supervision,,0,,2024-01-01,,True,ALL,5.36,2024,https://index.baselgovernance.org/ranking,2024-01-01,2026-03-05T10:27:37Z,2026-03-05T10:27:37Z
a1027bd7-3f30-46ee-8b7b-f49e5ce47fe1,SRB,Serbia,BASEL,Basel Committee on Banking Supervision,,0,,2024-01-01,,True,ALL,5.21,2024,https://index.baselgovernance.org/ranking,2024-01-01,2026-03-05T10:27:37Z,2026-03-05T10:27:37Z
ed5c9367-b875-4f27-a7f7-fe40eb12ea0a,SYC,Seychelles,BASEL,Basel Committee on Banking Supervision,,0,,2024-01-01,,True,ALL,4.6,2024,https://index.baselgovernance.org/ranking,2024-01-01,2026-03-05T10:27:37Z,2026-03-05T10:27:37Z
ffcc5471-0455-48e8-8316-825d4ba84f7e,SLE,Sierra Leone,BASEL,Basel Committee on Banking Supervision,,0,,2024-01-01,,True,ALL,6.41,2024,https://index.baselgovernance.org/ranking,2024-01-01,2026-03-05T10:27:37Z,2026-03-05T10:27:37Z
399c67fa-1016-4e76-a4a9-e7f97970452c,SGP,Singapore,BASEL,Basel Committee on Banking Supervision,,0,,2024-01-01,,True,ALL,4.73,2024,https://index.baselgovernance.org/ranking,2024-01-01,2026-03-05T10:27:37Z,2026-03-05T10:27:37Z
43cc9b60-78d3-4699-b80b-5d959e71204b,SVK,Slovakia,BASEL,Basel Committee on Banking Supervision,,0,,2024-01-01,,True,ALL,4.38,2024,https://index.baselgovernance.org/ranking,2024-01-01,2026-03-05T10:27:37Z,2026-03-05T10:27:37Z
57e2eb00-881b-405e-8dae-6707aaff5694,SVN,Slovenia,BASEL,Basel Committee on Banking Supervision,,0,,2024-01-01,,True,ALL,3.49,2024,https://index.baselgovernance.org/ranking,2024-01-01,2026-03-05T10:27:37Z,2026-03-05T10:27:37Z
adf9e8a3-5127-4c8d-8a7a-60a8c35ae855,SLB,Solomon Islands,BASEL,Basel Committee on Banking Supervision,,0,,2024-01-01,,True,ALL,6.31,2024,https://index.baselgovernance.org/ranking,2024-01-01,2026-03-05T10:27:37Z,2026-03-05T10:27:37Z
0acddf85-d1e3-44aa-8e5a-90695f6c7417,ZAF,South Africa,BASEL,Basel Committee on Banking Supervision,,0,,2024-01-01,,True,ALL,5.63,2024,https://index.baselgovernance.org/ranking,2024-01-01,2026-03-05T10:27:37Z,2026-03-05T10:27:37Z
64f1f361-f9f6-4b0f-a5ec-17d2f8f39d34,SSD,South Sudan,FATF,Financial Action Task Force,jurisd_under_increased_monitoring,1,,2025-02-01,,True,ALL,,,https://www.fatf-gafi.org/en/countries/detail/South-Sudan.html,2025-02-01,2026-03-05T10:27:37Z,2026-03-05T10:27:37Z
79ddad22-ed51-4a90-b1ae-38eed50029da,ESP,Spain,BASEL,Basel Committee on Banking Supervision,,0,,2024-01-01,,True,ALL,4.24,2024,https://index.baselgovernance.org/ranking,2024-01-01,2026-03-05T10:27:37Z,2026-03-05T10:27:37Z
76681288-5c68-4a07-9802-58e9a8a2e09e,LKA,Sri Lanka,BASEL,Basel Committee on Banking Supervision,,0,,2024-01-01,,True,ALL,5.16,2024,https://index.baselgovernance.org/ranking,2024-01-01,2026-03-05T10:27:37Z,2026-03-05T10:27:37Z
9f4257ce-32ae-4d6f-b610-806aa0cba365,SUR,Suriname,BASEL,Basel Committee on Banking Supervision,,0,,2024-01-01,,True,ALL,6.42,2024,https://index.baselgovernance.org/ranking,2024-01-01,2026-03-05T10:27:37Z,2026-03-05T10:27:37Z
6c69fae5-cdbd-47b9-8e73-95b902f8326c,SWE,Sweden,BASEL,Basel Committee on Banking Supervision,,0,,2024-01-01,,True,ALL,3.48,2024,https://index.baselgovernance.org/ranking,2024-01-01,2026-03-05T10:27:37Z,2026-03-05T10:27:37Z
334c9729-bff4-4f7b-9905-e04adbc415f4,CHE,Switzerland,BASEL,Basel Committee on Banking Supervision,,0,,2024-01-01,,True,ALL,4.47,2024,https://index.baselgovernance.org/ranking,2024-01-01,2026-03-05T10:27:37Z,2026-03-05T10:27:37Z
c0a051eb-0417-468c-8efe-85e6edcaffa9,SYR,Syria,FATF,Financial Action Task Force,jurisd_under_increased_monitoring,1,,2025-02-01,,True,ALL,,,https://www.fatf-gafi.org/en/countries/detail/Syria.html,2025-02-01,2026-03-05T10:27:37Z,2026-03-05T10:27:37Z
e0c0129e-7783-478d-b414-0d503c7ebcc9,TWN,Taiwan (Chinese Taipei),BASEL,Basel Committee on Banking Supervision,,0,,2024-01-01,,True,ALL,4.49,2024,https://index.baselgovernance.org/ranking,2024-01-01,2026-03-05T10:27:37Z,2026-03-05T10:27:37Z
061fda63-9624-41a4-86eb-1d55a5d6e651,TJK,Tajikistan,BASEL,Basel Committee on Banking Supervision,,0,,2024-01-01,,True,ALL,6.44,2024,https://index.baselgovernance.org/ranking,2024-01-01,2026-03-05T10:27:37Z,2026-03-05T10:27:37Z
69338739-32a6-46ff-8393-1801d28e9fc3,TZA,Tanzania,BASEL,Basel Committee on Banking Supervision,,0,,2024-01-01,,True,ALL,5.51,2024,https://index.baselgovernance.org/ranking,2024-01-01,2026-03-05T10:27:37Z,2026-03-05T10:27:37Z
d0060ace-46d9-41a6-8f6b-53aaf5dee1f9,THA,Thailand,BASEL,Basel Committee on Banking Supervision,,0,,2024-01-01,,True,ALL,5.98,2024,https://index.baselgovernance.org/ranking,2024-01-01,2026-03-05T10:27:37Z,2026-03-05T10:27:37Z
c5d36f00-9204-4b5d-9a05-11946dcb2d91,TLS,Timor-Leste,BASEL,Basel Committee on Banking Supervision,,0,,2024-01-01,,True,ALL,5.58,2024,https://index.baselgovernance.org/ranking,2024-01-01,2026-03-05T10:27:37Z,2026-03-05T10:27:37Z
1497a6e5-d325-4241-b329-976ee6075901,TGO,Togo,BASEL,Basel Committee on Banking Supervision,,0,,2024-01-01,,True,ALL,6.44,2024,https://index.baselgovernance.org/ranking,2024-01-01,2026-03-05T10:27:37Z,2026-03-05T10:27:37Z
ba2b2a35-ed8d-40f8-97f8-c877ae1ebcd4,TON,Tonga,BASEL,Basel Committee on Banking Supervision,,0,,2024-01-01,,True,ALL,5.67,2024,https://index.baselgovernance.org/ranking,2024-01-01,2026-03-05T10:27:37Z,2026-03-05T10:27:37Z
9565c57e-d3a4-4d55-acce-cdea505e7e44,TTO,Trinidad and Tobago,BASEL,Basel Committee on Banking Supervision,,0,,2024-01-01,,True,ALL,4.12,2024,https://index.baselgovernance.org/ranking,2024-01-01,2026-03-05T10:27:37Z,2026-03-05T10:27:37Z
95131edb-6b84-441d-8d82-3db2944fa6d3,TUN,Tunisia,BASEL,Basel Committee on Banking Supervision,,0,,2024-01-01,,True,ALL,4.75,2024,https://index.baselgovernance.org/ranking,2024-01-01,2026-03-05T10:27:37Z,2026-03-05T10:27:37Z
b49089d1-0315-42d9-9a02-72856a529b15,TKM,Turkmenistan,BASEL,Basel Committee on Banking Supervision,,0,,2024-01-01,,True,ALL,6.73,2024,https://index.baselgovernance.org/ranking,2024-01-01,2026-03-05T10:27:37Z,2026-03-05T10:27:37Z
28b6d640-05f8-4fa8-a3a4-bad9d95e9032,TUR,Türkiye,BASEL,Basel Committee on Banking Supervision,,0,,2024-01-01,,True,ALL,5.65,2024,https://index.baselgovernance.org/ranking,2024-01-01,2026-03-05T10:27:37Z,2026-03-05T10:27:37Z
88b4b820-8fde-489b-b6d1-18cd4fb9ed37,UGA,Uganda,BASEL,Basel Committee on Banking Supervision,,0,,2024-01-01,,True,ALL,5.72,2024,https://index.baselgovernance.org/ranking,2024-01-01,2026-03-05T10:27:37Z,2026-03-05T10:27:37Z
5ec2a107-c7a0-4a10-8df2-a0b0503f73e1,UKR,Ukraine,BASEL,Basel Committee on Banking Supervision,,0,,2024-01-01,,True,ALL,5.38,2024,https://index.baselgovernance.org/ranking,2024-01-01,2026-03-05T10:27:37Z,2026-03-05T10:27:37Z
f21fe45d-dfce-4218-8a3f-2d0d07219463,ARE,United Arab Emirates,BASEL,Basel Committee on Banking Supervision,,0,,2024-01-01,,True,ALL,6.11,2024,https://index.baselgovernance.org/ranking,2024-01-01,2026-03-05T10:27:37Z,2026-03-05T10:27:37Z
f8e940d3-eb34-45e7-aba2-eb393d96fdcf,GBR,United Kingdom,BASEL,Basel Committee on Banking Supervision,,0,,2024-01-01,,True,ALL,4.04,2024,https://index.baselgovernance.org/ranking,2024-01-01,2026-03-05T10:27:37Z,2026-03-05T10:27:37Z
cc72ab33-3070-496f-9154-d04d9f85e972,USA,United States,BASEL,Basel Committee on Banking Supervision,,0,,2024-01-01,,True,ALL,4.83,2024,https://index.baselgovernance.org/ranking,2024-01-01,2026-03-05T10:27:37Z,2026-03-05T10:27:37Z
0c8fad27-1cfd-4bec-b0b3-b480f3a2c0ec,URY,Uruguay,BASEL,Basel Committee on Banking Supervision,,0,,2024-01-01,,True,ALL,4.23,2024,https://index.baselgovernance.org/ranking,2024-01-01,2026-03-05T10:27:37Z,2026-03-05T10:27:37Z
92d73256-3677-4d2e-a3aa-867b7d2f38b2,UZB,Uzbekistan,BASEL,Basel Committee on Banking Supervision,,0,,2024-01-01,,True,ALL,5.27,2024,https://index.baselgovernance.org/ranking,2024-01-01,2026-03-05T10:27:37Z,2026-03-05T10:27:37Z
e6fe4e67-6fb6-49cb-b4fe-262993d46eb4,VUT,Vanuatu,BASEL,Basel Committee on Banking Supervision,,0,,2024-01-01,,True,ALL,4.97,2024,https://index.baselgovernance.org/ranking,2024-01-01,2026-03-05T10:27:37Z,2026-03-05T10:27:37Z
4a659134-121c-4f01-a6af-dcc58c1c11f3,VEN,Venezuela,"FATF,BASEL",Financial Action Task Force; Basel Committee on Banking Supervision,jurisd_under_increased_monitoring,1,,2024-01-01,,True,ALL,7.55,2024,https://www.fatf-gafi.org/en/countries/detail/Venezuela.html | https://index.baselgovernance.org/ranking,2024-01-01,2026-03-05T10:27:37Z,2026-03-05T10:27:37Z
f66fb4a9-b248-4857-8b57-e0f0d4773763,VNM,Vietnam,"FATF,BASEL",Financial Action Task Force; Basel Committee on Banking Supervision,jurisd_under_increased_monitoring,1,,2024-01-01,,True,ALL,6.69,2024,https://www.fatf-gafi.org/en/countries/detail/Vietnam.html | https://index.baselgovernance.org/ranking,2024-01-01,2026-03-05T10:27:37Z,2026-03-05T10:27:37Z
4766d550-993f-4e2a-a0b8-56229a58c6aa,VGB,Virgin Islands (UK),FATF,Financial Action Task Force,jurisd_under_increased_monitoring,1,,2025-02-01,,True,ALL,,,https://www.fatf-gafi.org/en/countries/detail/Virgin-Islands-UK.html,2025-02-01,2026-03-05T10:27:37Z,2026-03-05T10:27:37Z
d895382b-c4f0-4b7b-9b61-c0ab4617d041,YEM,Yemen,FATF,Financial Action Task Force,jurisd_under_increased_monitoring,1,,2025-02-01,,True,ALL,,,https://www.fatf-gafi.org/en/countries/detail/Yemen.html,2025-02-01,2026-03-05T10:27:37Z,2026-03-05T10:27:37Z
4ec9d728-5292-4fc1-bb53-ea23f970ca6b,ZMB,Zambia,BASEL,Basel Committee on Banking Supervision,,0,,2024-01-01,,True,ALL,5.31,2024,https://index.baselgovernance.org/ranking,2024-01-01,2026-03-05T10:27:37Z,2026-03-05T10:27:37Z
c31a2ea6-18b8-4452-bbdc-38ba2c97cbe1,ZWE,Zimbabwe,BASEL,Basel Committee on Banking Supervision,,0,,2024-01-01,,True,ALL,5.99,2024,https://index.baselgovernance.org/ranking,2024-01-01,2026-03-05T10:27:37Z,2026-03-05T10:27:37Z
